Order,Weight
0.0,0.2002553641796112
1.0,0.20163953304290771
2.0,0.19941361248493195
3.0,0.19969363510608673
4.0,0.1989978402853012
